Year,Location,Area,Rainfall,Temperature,Soil type,Irrigation,yeilds,Humidity,Crops,price,Season
2019,Siruguppa,13.7,607.2,29.1,Sandy loam,Canal,1.25,61.7,Cotton,685000.0,Kharif
2013,Vijaypur,11.44,428.1,32.1,Sandy soil,Sprinkler,0.98,50.4,Bajra,145745.6,Kharif
2011,Vijaypur,5.92,676.4,29.8,Black soil,Rainfed,0.85,41.3,Sunflower,176120.0,Zaid
2011,Siruguppa,1.35,605.3,28.9,Black soil,Drip,81.35,41.2,Sugarcane,329467.5,Whole year
2010,Vijaypur,7.55,508.9,35.5,Black soil,Well,0.8,52.3,Redgram,332200.0,Kharif
2015,Sindhanur,9.34,887.6,38.3,Red soil,Well,19.85,47.1,Vegetables,2780985.0,Zaid
2012,Gangavathi,12.88,797.9,34.1,Sandy loam,Well,0.55,43.3,Horsegram,247940.0,Rabi
2023,Vijaypur,13.85,740.5,35.9,Black soil,Borewell,14.37,52.3,Pomegranate,9951225.0,Whole year
2020,Siruguppa,17.59,585.9,29.1,Black soil,Well,1.1,59.6,Groundnut,580470.0,Zaid
2024,Vijaypur,11.01,410.8,28.9,Sandy soil,Sprinkler,15.22,52.9,Pomegranate,8378610.0,Whole year
2020,Vijaypur,15.24,752.5,29.7,Black soil,Borewell,0.97,43.9,Sunflower,517398.0,Zaid
2020,Sindhanur,5.4,689.5,34.4,Alluvial soil,Canal,71.72,57.2,Sugarcane,1161864.0,Whole year
2018,Siruguppa,0.56,600.8,29.7,Sandy loam,Borewell,18.43,38.6,Vegetables,154812.0,Zaid
2019,Sindhanur,3.48,681.6,36.0,Black soil,Canal,1.13,61.1,Cotton,157296.0,Kharif
2013,Gangavathi,16.23,583.0,31.0,Black soil,Canal,75.3,72.5,Sugarcane,3666357.0,Whole year
2018,Siruguppa,15.43,690.7,26.1,Red soil,Rainfed,1.15,54.2,Cotton,709780.0,Kharif
2016,Sindhanur,13.95,962.9,39.0,Alluvial soil,Borewell,3.17,65.7,Corn,619101.0,Zaid
2013,Gangavathi,11.97,579.4,29.2,Black soil,Sprinkler,82.03,54.8,Sugarcane,2945697.3,Whole year
2013,Siruguppa,17.26,783.7,26.9,Red soil,Drip,1.2,64.6,Cotton,828480.0,Kharif
2022,Gangavathi,11.74,732.8,35.5,Black soil,Drip,80.49,60.5,Sugarcane,2834857.8,Whole year
2020,Vijaypur,9.61,441.1,34.6,Sandy soil,Well,1.38,41.2,Bengalgram,596781.0,Rabi
2012,Siruguppa,4.24,781.3,36.2,Sandy loam,Rainfed,0.92,39.3,Bajra,50710.4,Kharif
2010,Vijaypur,16.26,572.2,39.4,Sandy soil,Well,2.89,35.2,Wheat,751862.4,Rabi
2012,Siruguppa,4.67,832.9,27.7,Black soil,Canal,1.43,45.2,Chilli,400686.0,Kharif
2012,Vijaypur,8.75,498.0,38.2,Sandy soil,Sprinkler,0.83,42.9,Greengram,399437.5,Kharif
2019,Sindhanur,15.09,929.1,34.3,Black soil,Canal,16.22,53.9,Vegetables,3671397.0,Zaid
2016,Vijaypur,12.1,744.4,30.4,Sandy soil,Borewell,1.38,36.1,Bengalgram,751410.0,Rabi
2024,Siruguppa,11.88,736.3,32.1,Sandy loam,Borewell,25.45,47.5,Onion,6046920.0,Rabi
2010,Gangavathi,6.35,682.8,31.0,Red soil,Canal,0.61,61.1,Horsegram,135572.5,Rabi
2015,Vijaypur,7.31,564.8,35.4,Black soil,Borewell,1.0,36.2,Bajra,95030.0,Kharif
2010,Gangavathi,19.75,823.6,36.1,Sandy loam,Sprinkler,1.08,54.1,Sunflower,746550.0,Rabi
2013,Gangavathi,3.53,686.4,36.9,Red soil,Sprinkler,1.06,60.6,Bajra,48643.4,Kharif
2023,Gangavathi,1.49,716.8,28.2,Sandy loam,Drip,0.61,67.5,Horsegram,31811.5,Rabi
2021,Gangavathi,3.65,676.2,27.1,Red soil,Sprinkler,3.05,74.0,Paddy,166987.5,Kharif
2016,Vijaypur,11.14,419.9,40.0,Red soil,Borewell,0.92,53.4,Bajra,133234.4,Kharif
2020,Sindhanur,1.28,722.0,38.0,Red soil,Well,3.05,69.7,Maize,54656.0,Kharif
2023,Sindhanur,12.6,877.7,37.6,Black soil,Well,3.05,48.2,Maize,538020.0,Kharif
2014,Sindhanur,18.65,565.9,36.8,Alluvial soil,Well,1.35,51.0,Bengalgram,1132987.5,Rabi
2014,Sindhanur,16.42,903.5,38.4,Red soil,Borewell,2.86,44.5,Maize,657456.8,Kharif
2020,Sindhanur,1.85,823.5,31.3,Red soil,Borewell,3.39,50.3,Paddy,94072.5,Rabi
2011,Vijaypur,19.27,456.1,41.4,Red soil,Well,0.8,32.9,Sunflower,539560.0,Zaid
2010,Vijaypur,18.04,561.0,41.4,Black soil,Rainfed,19.21,39.2,Vegetables,5198226.0,Zaid
2015,Vijaypur,14.97,708.9,34.4,Sandy soil,Borewell,0.88,49.1,Redgram,724548.0,Kharif
2020,Vijaypur,2.93,729.1,36.3,Red soil,Rainfed,1.19,52.4,Groundnut,104601.0,Kharif
2019,Vijaypur,13.47,673.1,35.0,Red soil,Borewell,18.02,43.9,Vegetables,3640941.0,Zaid
2017,Gangavathi,12.33,639.2,28.0,Red soil,Drip,83.5,65.0,Sugarcane,3088665.0,Whole year
2018,Vijaypur,3.81,579.9,40.0,Black soil,Rainfed,24.61,53.7,Onion,1875282.0,Rabi
2019,Gangavathi,0.98,755.2,28.6,Black soil,Drip,1.02,48.5,Jowar,13994.4,Kharif
2012,Siruguppa,7.99,829.5,33.0,Black soil,Well,81.2,57.7,Sugarcane,1946364.0,Whole year
2013,Siruguppa,10.6,673.1,28.2,Red soil,Drip,1.41,60.3,Chilli,896760.0,Kharif
2023,Siruguppa,12.11,831.8,34.8,Black soil,Drip,82.0,67.8,Sugarcane,2979060.0,Whole year
2022,Vijaypur,5.32,641.5,34.5,Sandy soil,Rainfed,18.07,39.3,Grapes,3845296.0,Whole year
2012,Vijaypur,7.05,631.0,37.7,Sandy soil,Well,3.11,40.4,Wheat,350808.0,Rabi
2016,Sindhanur,8.45,840.6,36.0,Alluvial soil,Drip,1.4,44.2,Bengalgram,532350.0,Rabi
2017,Siruguppa,0.88,651.1,34.9,Sandy loam,Rainfed,1.12,63.6,Groundnut,29568.0,Rabi
2022,Siruguppa,8.67,764.0,36.7,Sandy loam,Drip,1.33,58.8,Groundnut,345933.0,Zaid
2023,Sindhanur,13.54,681.0,33.4,Red soil,Well,77.36,48.4,Sugarcane,3142363.2,Whole year
2012,Vijaypur,13.43,600.5,39.3,Black soil,Sprinkler,23.75,48.4,Onion,6379250.0,Rabi
2022,Vijaypur,7.08,478.0,33.8,Red soil,Rainfed,1.4,45.5,Bengalgram,446040.0,Rabi
2022,Vijaypur,19.06,568.3,37.3,Black soil,Well,0.7,34.1,Sunflower,466970.0,Zaid
2019,Siruguppa,2.96,577.4,26.6,Sandy loam,Canal,2.83,42.2,Maize,117275.2,Kharif
2014,Sindhanur,15.08,850.1,28.8,Black soil,Well,73.28,56.3,Sugarcane,3315187.2,Whole year
2019,Siruguppa,18.86,738.4,36.0,Red soil,Canal,1.38,49.0,Jowar,364375.2,Kharif
2015,Sindhanur,2.86,879.6,37.0,Alluvial soil,Canal,1.41,56.6,Cotton,161304.0,Kharif
2015,Vijaypur,16.54,562.9,32.7,Black soil,Sprinkler,1.03,57.8,Sunflower,596267.0,Zaid
2017,Vijaypur,12.51,460.5,32.5,Sandy soil,Sprinkler,0.71,46.4,Safflower,266463.0,Rabi
2019,Vijaypur,17.69,673.1,39.9,Black soil,Sprinkler,17.68,28.3,Vegetables,4691388.0,Zaid
2014,Vijaypur,7.42,575.6,33.2,Red soil,Rainfed,0.86,40.3,Sunflower,223342.0,Zaid
2020,Gangavathi,15.28,580.2,34.7,Sandy loam,Drip,1.22,56.0,Jowar,260982.4,Kharif
2017,Vijaypur,6.47,420.6,30.9,Sandy soil,Rainfed,20.28,49.6,Grapes,5248464.0,Whole year
2015,Gangavathi,5.0,686.4,33.0,Sandy loam,Well,80.64,45.5,Sugarcane,1209600.0,Whole year
2014,Siruguppa,19.54,547.5,31.7,Sandy loam,Drip,1.61,58.5,Bengalgram,1415673.0,Rabi
2010,Siruguppa,10.92,578.5,28.0,Black soil,Canal,1.03,33.9,Sunflower,393666.0,Rabi
2010,Gangavathi,9.83,602.9,26.4,Red soil,Well,0.94,46.5,Sunflower,323407.0,Rabi
2012,Gangavathi,12.77,843.9,31.8,Black soil,Well,85.04,44.1,Sugarcane,3257882.4,Whole year
2016,Gangavathi,15.92,580.3,36.5,Black soil,Sprinkler,1.02,60.0,Jowar,227337.6,Kharif
2022,Vijaypur,12.61,703.4,41.8,Sandy soil,Well,14.98,37.4,Pomegranate,9444890.0,Whole year
2017,Sindhanur,1.96,810.1,28.9,Black soil,Drip,1.35,48.5,Bengalgram,119070.0,Rabi
2024,Vijaypur,9.35,497.3,38.1,Sandy soil,Borewell,0.98,51.2,Sunflower,320705.0,Zaid
2010,Gangavathi,5.68,584.0,29.1,Black soil,Canal,1.07,44.1,Sunflower,212716.0,Rabi
2017,Sindhanur,8.35,737.6,32.5,Red soil,Drip,3.02,55.4,Corn,353038.0,Zaid
2019,Siruguppa,4.96,769.5,34.1,Sandy loam,Drip,0.9,38.2,Bajra,58032.0,Kharif
2019,Siruguppa,13.2,528.7,35.1,Black soil,Well,18.79,46.4,Vegetables,3720420.0,Zaid
2016,Vijaypur,2.54,551.0,34.0,Black soil,Rainfed,20.11,39.2,Grapes,2043176.0,Whole year
2022,Vijaypur,6.63,678.3,35.4,Red soil,Well,16.96,42.0,Vegetables,1686672.0,Zaid
2020,Vijaypur,10.61,709.2,34.2,Sandy soil,Sprinkler,1.12,30.1,Groundnut,356496.0,Kharif
2010,Vijaypur,17.68,498.1,28.7,Red soil,Well,1.15,34.4,Jowar,284648.0,Kharif
2011,Sindhanur,19.85,766.1,34.4,Black soil,Drip,1.23,47.2,Bengalgram,1098697.5,Rabi
2018,Sindhanur,19.61,750.4,30.5,Black soil,Drip,84.8,62.0,Sugarcane,4988784.0,Whole year
2015,Sindhanur,17.35,913.0,33.8,Red soil,Drip,79.9,63.9,Sugarcane,4158795.0,Whole year
2018,Gangavathi,13.37,834.8,36.8,Black soil,Drip,0.95,58.6,Tur,635075.0,Kharif
2019,Vijaypur,6.77,585.1,35.2,Black soil,Borewell,18.87,43.7,Vegetables,1916248.5,Zaid
2017,Vijaypur,16.32,399.8,37.7,Red soil,Borewell,0.81,52.7,Safflower,396576.0,Rabi
2024,Siruguppa,16.98,905.3,31.5,Red soil,Drip,27.54,35.7,Onion,9352584.0,Rabi
2019,Vijaypur,1.96,454.1,40.9,Red soil,Rainfed,1.29,56.7,Groundnut,75852.0,Kharif
2023,Vijaypur,19.11,503.0,35.3,Sandy soil,Sprinkler,0.92,44.4,Sunflower,615342.0,Kharif
2022,Siruguppa,15.06,755.5,37.3,Black soil,Canal,2.84,70.6,Maize,598785.6,Kharif
2015,Siruguppa,16.02,766.1,36.2,Black soil,Borewell,85.32,37.9,Sugarcane,4100479.2,Whole year
2019,Vijaypur,3.81,622.5,36.2,Black soil,Sprinkler,0.97,52.4,Jowar,51739.8,Rabi
2020,Sindhanur,13.5,670.0,35.2,Red soil,Borewell,70.41,57.5,Sugarcane,2851605.0,Whole year
2017,Sindhanur,19.26,916.1,39.8,Alluvial soil,Borewell,2.67,49.1,Maize,719938.8,Kharif
2010,Gangavathi,7.5,861.1,26.6,Red soil,Borewell,0.95,51.0,Sunflower,249375.0,Rabi
2023,Vijaypur,1.46,608.4,37.4,Sandy soil,Sprinkler,0.91,49.0,Sunflower,46501.0,Zaid
2020,Gangavathi,15.23,652.2,28.7,Sandy loam,Well,0.45,45.3,Horsegram,239872.5,Rabi
2021,Siruguppa,3.06,817.8,27.2,Black soil,Borewell,1.36,46.1,Jowar,58262.4,Kharif
2014,Vijaypur,10.85,481.4,34.8,Red soil,Borewell,1.31,62.1,Jowar,198989.0,Rabi
2023,Vijaypur,15.21,708.9,33.4,Black soil,Sprinkler,18.81,34.3,Vegetables,4291501.5,Zaid
2019,Gangavathi,13.62,519.7,32.1,Sandy loam,Borewell,1.11,47.5,Sunflower,529137.0,Kharif
2020,Vijaypur,18.89,650.5,35.2,Red soil,Borewell,0.87,48.8,Sunflower,575200.5,Zaid
2011,Siruguppa,1.23,732.1,26.2,Black soil,Canal,89.12,36.2,Sugarcane,328852.8,Whole year
2024,Sindhanur,18.95,730.8,34.3,Red soil,Well,1.34,62.0,Bengalgram,1142685.0,Rabi
2017,Vijaypur,1.14,584.7,33.6,Red soil,Borewell,0.87,55.7,Sunflower,34713.0,Kharif
2016,Vijaypur,19.57,413.6,36.9,Red soil,Well,2.89,49.2,Wheat,904916.8,Rabi
2010,Gangavathi,4.64,892.2,36.3,Sandy loam,Sprinkler,1.3,40.4,Bengalgram,271440.0,Rabi
2019,Siruguppa,16.68,874.8,35.1,Sandy loam,Well,0.89,37.6,Sunflower,519582.0,Zaid
2018,Sindhanur,5.91,860.5,36.8,Black soil,Well,1.5,58.5,Bengalgram,398925.0,Rabi
2015,Gangavathi,15.9,777.0,26.8,Black soil,Sprinkler,1.39,42.7,Bengalgram,994545.0,Rabi
2022,Siruguppa,15.04,509.4,34.7,Black soil,Rainfed,0.95,43.9,Sunflower,500080.0,Rabi
2014,Gangavathi,15.77,753.7,39.4,Sandy loam,Sprinkler,1.05,40.6,Cotton,662340.0,Kharif
2011,Vijaypur,2.61,755.7,41.2,Sandy soil,Sprinkler,1.06,46.1,Bajra,35965.8,Kharif
2016,Siruguppa,11.91,540.2,26.4,Sandy loam,Borewell,17.84,54.3,Vegetables,3187116.0,Zaid
2016,Gangavathi,13.19,556.3,34.7,Sandy loam,Well,75.76,62.3,Sugarcane,2997823.2,Whole year
2020,Vijaypur,2.35,536.3,33.9,Red soil,Rainfed,0.97,46.9,Safflower,68385.0,Rabi
2021,Gangavathi,2.16,773.2,33.2,Red soil,Canal,18.1,44.4,Vegetables,586440.0,Zaid
2023,Gangavathi,2.88,751.5,32.7,Red soil,Drip,1.3,45.7,Bengalgram,168480.0,Rabi
2023,Siruguppa,3.52,663.2,26.3,Black soil,Well,19.17,51.9,Vegetables,1012176.0,Zaid
2019,Siruguppa,16.24,637.3,34.7,Sandy loam,Drip,17.18,49.6,Vegetables,4185048.0,Zaid
2023,Siruguppa,7.13,555.5,34.6,Red soil,Well,0.9,44.1,Sunflower,224595.0,Zaid
2016,Sindhanur,15.05,588.6,34.8,Black soil,Drip,78.66,43.2,Sugarcane,3551499.0,Whole year
2012,Vijaypur,11.57,510.0,37.5,Black soil,Well,0.95,55.6,Sunflower,384702.5,Zaid
2013,Sindhanur,12.34,593.5,32.3,Red soil,Borewell,1.03,54.4,Cotton,508408.0,Kharif
2013,Siruguppa,10.78,508.3,33.0,Black soil,Canal,1.02,52.9,Groundnut,329868.0,Zaid
2011,Vijaypur,15.4,453.5,40.7,Red soil,Rainfed,1.03,48.0,Bajra,206206.0,Kharif
2011,Siruguppa,10.26,546.1,30.1,Sandy loam,Borewell,79.63,56.3,Sugarcane,2451011.4,Whole year
2021,Vijaypur,11.73,398.9,40.7,Sandy soil,Sprinkler,0.71,54.1,Greengram,458056.5,Kharif
2011,Vijaypur,18.98,519.2,40.9,Red soil,Rainfed,0.98,39.5,Sunflower,651014.0,Zaid
2013,Vijaypur,17.48,536.5,33.6,Sandy soil,Rainfed,0.95,31.8,Jowar,232484.0,Kharif
2021,Gangavathi,18.17,716.6,27.5,Red soil,Borewell,1.44,54.8,Bengalgram,1177416.0,Rabi
2012,Sindhanur,15.32,613.7,29.8,Alluvial soil,Canal,3.25,56.8,Paddy,746850.0,Rabi
2012,Vijaypur,19.74,629.7,39.7,Red soil,Rainfed,14.49,48.0,Pomegranate,14301630.0,Whole year
2014,Vijaypur,1.6,596.3,32.5,Sandy soil,Well,0.83,37.3,Greengram,73040.0,Kharif
2017,Vijaypur,17.35,411.8,37.4,Black soil,Sprinkler,21.68,29.3,Grapes,15045920.0,Whole year
2021,Siruguppa,1.71,621.6,31.7,Red soil,Borewell,69.52,44.6,Sugarcane,356637.6,Whole year
2015,Siruguppa,10.69,594.7,31.8,Red soil,Borewell,1.03,41.5,Jowar,154149.8,Rabi
2015,Gangavathi,12.8,836.5,33.8,Red soil,Canal,81.32,45.0,Sugarcane,3122688.0,Whole year
2011,Siruguppa,12.25,592.5,36.7,Red soil,Borewell,81.9,70.7,Sugarcane,3009825.0,Whole year
2018,Sindhanur,12.1,942.0,35.8,Black soil,Borewell,3.04,49.2,Corn,514976.0,Zaid
2020,Vijaypur,13.87,617.4,38.8,Sandy soil,Well,0.98,50.7,Sunflower,475741.0,Zaid
2013,Vijaypur,18.98,533.6,31.1,Red soil,Borewell,0.95,34.9,Sunflower,631085.0,Zaid
2020,Sindhanur,11.03,648.7,36.9,Alluvial soil,Canal,2.94,56.4,Paddy,486423.0,Rabi
2010,Gangavathi,12.68,585.5,29.0,Black soil,Drip,1.08,64.9,Sunflower,479304.0,Rabi
2014,Vijaypur,15.78,776.9,35.4,Black soil,Borewell,0.94,48.8,Sunflower,519162.0,Zaid
2012,Vijaypur,15.5,667.3,35.9,Red soil,Sprinkler,2.63,43.1,Wheat,652240.0,Rabi
2014,Sindhanur,18.72,548.4,35.0,Alluvial soil,Canal,1.33,51.5,Bengalgram,1120392.0,Rabi
2024,Siruguppa,2.29,694.2,32.5,Red soil,Rainfed,1.01,60.6,Sunflower,80951.5,Rabi
2010,Gangavathi,19.89,578.1,33.8,Red soil,Well,0.92,51.1,Sunflower,640458.0,Kharif
2022,Gangavathi,16.68,816.8,27.1,Sandy loam,Well,1.46,48.2,Groundnut,730584.0,Kharif
2011,Vijaypur,3.42,738.9,27.1,Sandy soil,Sprinkler,20.08,41.1,Grapes,2746944.0,Whole year
2023,Gangavathi,12.64,584.1,28.4,Black soil,Canal,0.58,54.2,Horsegram,256592.0,Rabi
2013,Vijaypur,8.87,581.8,30.2,Sandy soil,Rainfed,1.28,30.4,Groundnut,340608.0,Kharif
2016,Vijaypur,11.11,616.6,32.5,Sandy soil,Well,1.37,54.1,Bengalgram,684931.5,Rabi
2013,Vijaypur,7.46,530.0,31.0,Black soil,Rainfed,1.18,52.3,Groundnut,264084.0,Kharif
2021,Siruguppa,3.91,531.7,33.8,Sandy loam,Rainfed,0.88,62.8,Sunflower,120428.0,Zaid
2024,Vijaypur,6.22,400.0,39.9,Black soil,Borewell,1.07,43.9,Jowar,93175.6,Rabi
2014,Siruguppa,5.44,705.7,38.0,Sandy loam,Well,1.1,50.9,Groundnut,179520.0,Zaid
2015,Gangavathi,8.3,634.7,36.4,Red soil,Drip,1.24,51.5,Groundnut,308760.0,Kharif
2016,Sindhanur,2.11,699.1,37.2,Red soil,Canal,76.01,52.5,Sugarcane,481143.3,Whole year
2012,Sindhanur,9.2,612.9,32.1,Alluvial soil,Drip,2.44,42.6,Corn,314272.0,Zaid
2011,Vijaypur,19.96,407.4,38.3,Red soil,Well,17.57,38.2,Vegetables,5260458.0,Zaid
2011,Vijaypur,15.74,768.5,30.5,Black soil,Borewell,0.79,52.0,Sunflower,435211.0,Zaid
2017,Sindhanur,13.74,680.6,34.0,Red soil,Borewell,3.15,59.6,Corn,605934.0,Zaid
2017,Siruguppa,19.23,661.0,29.6,Red soil,Well,22.86,42.2,Onion,8791956.0,Rabi
2013,Vijaypur,12.43,680.1,36.9,Sandy soil,Sprinkler,2.94,39.9,Maize,511618.8,Kharif
2020,Siruguppa,2.21,693.1,37.2,Sandy loam,Borewell,0.89,47.4,Jowar,27536.6,Rabi
2022,Gangavathi,18.58,836.9,37.7,Sandy loam,Well,0.93,60.8,Tur,863970.0,Kharif
2019,Gangavathi,10.13,915.8,35.8,Red soil,Sprinkler,1.35,42.9,Bengalgram,615397.5,Rabi
2018,Gangavathi,19.99,776.3,26.2,Sandy loam,Drip,71.28,54.5,Sugarcane,4274661.6,Whole year
2012,Vijaypur,9.58,477.8,32.3,Sandy soil,Rainfed,17.09,31.9,Grapes,6548888.0,Whole year
2012,Sindhanur,10.6,759.1,38.3,Red soil,Well,1.25,68.3,Bengalgram,596250.0,Rabi
2014,Gangavathi,2.04,884.6,32.5,Black soil,Sprinkler,0.61,48.4,Horsegram,43554.0,Rabi
2023,Sindhanur,3.51,716.8,28.2,Alluvial soil,Borewell,18.39,70.5,Vegetables,968233.5,Zaid
2019,Siruguppa,13.2,514.5,33.7,Sandy loam,Rainfed,3.14,53.3,Paddy,621720.0,Kharif
2017,Siruguppa,16.24,741.2,29.8,Black soil,Borewell,76.98,39.4,Sugarcane,3750465.6,Whole year
2021,Siruguppa,12.33,641.8,32.5,Black soil,Borewell,3.09,42.5,Maize,533395.8,Kharif
2017,Gangavathi,5.21,835.9,33.9,Black soil,Borewell,81.43,46.2,Sugarcane,1272750.9,Whole year
2024,Sindhanur,8.65,544.7,38.9,Black soil,Borewell,2.61,66.0,Paddy,338647.5,Rabi
2016,Gangavathi,6.52,709.9,32.8,Black soil,Canal,3.11,52.7,Wheat,324435.2,Rabi
2014,Vijaypur,12.15,576.0,28.0,Sandy soil,Sprinkler,1.04,34.4,Jowar,176904.0,Rabi
2010,Siruguppa,8.36,574.6,28.5,Red soil,Rainfed,0.9,53.9,Bajra,97812.0,Kharif
2012,Sindhanur,5.95,583.1,33.0,Alluvial soil,Canal,3.1,65.0,Corn,258230.0,Zaid
2018,Siruguppa,15.22,820.4,31.9,Red soil,Drip,76.78,62.9,Sugarcane,3505774.8,Whole year
2015,Vijaypur,10.63,399.6,37.3,Black soil,Borewell,1.11,59.4,Bajra,153390.9,Kharif
2017,Gangavathi,7.06,933.0,36.1,Sandy loam,Sprinkler,0.94,47.3,Sunflower,232274.0,Rabi
2019,Gangavathi,11.88,698.4,35.2,Sandy loam,Canal,83.54,64.7,Sugarcane,2977365.6,Whole year
2012,Vijaypur,12.77,647.5,35.5,Sandy soil,Sprinkler,0.83,37.0,Sunflower,370968.5,Zaid
2021,Sindhanur,6.62,902.6,28.7,Black soil,Drip,1.22,42.4,Cotton,323056.0,Kharif
2020,Sindhanur,3.19,920.7,37.1,Black soil,Borewell,83.13,43.2,Sugarcane,795554.1,Whole year
2019,Vijaypur,11.15,701.6,34.3,Sandy soil,Rainfed,14.93,46.6,Pomegranate,8323475.0,Whole year
2021,Vijaypur,19.65,472.1,31.1,Red soil,Borewell,1.13,61.4,Jowar,310863.0,Rabi
2024,Vijaypur,5.83,535.7,40.2,Black soil,Sprinkler,17.95,54.0,Vegetables,1569727.5,Zaid
2021,Vijaypur,7.25,491.3,31.8,Red soil,Rainfed,0.99,50.0,Sunflower,251212.5,Zaid
2013,Vijaypur,5.8,683.6,31.7,Black soil,Borewell,1.06,45.4,Jowar,86072.0,Rabi
2018,Siruguppa,2.46,503.1,30.8,Red soil,Canal,1.53,55.2,Bengalgram,169371.0,Rabi
2024,Sindhanur,6.76,744.9,30.3,Alluvial soil,Canal,88.1,64.5,Sugarcane,1786668.0,Whole year
2024,Siruguppa,18.47,813.3,36.3,Black soil,Well,25.47,39.3,Onion,9408618.0,Rabi
2014,Siruguppa,6.14,602.7,36.6,Red soil,Canal,77.1,60.1,Sugarcane,1420182.0,Whole year
2017,Siruguppa,17.84,710.8,34.8,Red soil,Drip,1.06,49.2,Groundnut,567312.0,Zaid
2022,Gangavathi,14.51,660.1,34.6,Black soil,Borewell,1.36,56.7,Bengalgram,888012.0,Rabi
2016,Gangavathi,8.84,748.5,34.3,Red soil,Canal,2.79,52.9,Wheat,394617.6,Rabi
2015,Siruguppa,7.98,671.0,37.9,Black soil,Borewell,1.56,34.6,Bengalgram,560196.0,Rabi
2016,Gangavathi,2.81,792.3,34.2,Red soil,Well,0.9,43.0,Tur,126450.0,Kharif
2015,Gangavathi,9.82,688.5,29.1,Red soil,Sprinkler,0.92,76.1,Tur,451720.0,Kharif
2018,Vijaypur,15.85,656.0,36.4,Sandy soil,Sprinkler,19.11,46.2,Grapes,12115740.0,Whole year
2015,Gangavathi,11.67,595.4,34.1,Black soil,Well,2.87,53.5,Maize,468900.6,Kharif
2012,Vijaypur,10.45,481.3,35.2,Black soil,Sprinkler,1.12,34.6,Groundnut,351120.0,Kharif
2021,Vijaypur,0.92,565.3,37.8,Red soil,Well,20.28,44.6,Grapes,746304.0,Whole year
2010,Sindhanur,1.67,711.7,36.3,Black soil,Drip,3.06,57.2,Paddy,76653.0,Kharif
2024,Gangavathi,13.09,859.3,35.8,Red soil,Borewell,83.69,67.0,Sugarcane,3286506.3,Whole year
2011,Vijaypur,11.02,516.9,36.9,Sandy soil,Rainfed,13.55,55.2,Pomegranate,7466050.0,Whole year
2020,Sindhanur,0.94,845.6,29.9,Red soil,Drip,77.1,43.7,Sugarcane,217422.0,Whole year
2010,Vijaypur,18.78,476.0,32.2,Sandy soil,Well,23.54,41.4,Grapes,17683248.0,Whole year
2013,Vijaypur,12.16,509.1,29.7,Sandy soil,Well,1.27,29.9,Jowar,216204.8,Kharif
2013,Siruguppa,1.6,615.9,29.2,Sandy loam,Borewell,83.31,62.4,Sugarcane,399888.0,Whole year
2010,Gangavathi,4.81,679.0,28.8,Red soil,Borewell,19.34,61.8,Vegetables,1395381.0,Zaid
2021,Sindhanur,7.93,571.7,32.3,Alluvial soil,Borewell,79.06,56.8,Sugarcane,1880837.4,Whole year
2023,Vijaypur,5.2,497.1,30.4,Black soil,Rainfed,20.52,50.0,Grapes,4268160.0,Whole year
2013,Sindhanur,3.11,775.9,38.6,Black soil,Borewell,81.07,59.0,Sugarcane,756383.1,Whole year
2020,Gangavathi,4.21,889.8,27.0,Red soil,Drip,1.26,62.4,Cotton,212184.0,Kharif
2014,Siruguppa,4.73,853.4,33.0,Red soil,Borewell,3.05,56.0,Maize,201971.0,Kharif
2021,Siruguppa,9.84,888.6,27.1,Red soil,Drip,1.46,65.6,Bengalgram,646488.0,Rabi
2014,Sindhanur,10.91,750.3,37.2,Red soil,Borewell,86.01,49.3,Sugarcane,2815107.3,Whole year
2015,Gangavathi,16.87,554.0,38.4,Black soil,Borewell,86.69,55.2,Sugarcane,4387380.9,Whole year
2014,Vijaypur,11.29,701.1,37.2,Sandy soil,Sprinkler,1.06,36.1,Redgram,658207.0,Kharif
2014,Sindhanur,11.24,598.0,34.7,Alluvial soil,Borewell,1.16,45.9,Bengalgram,586728.0,Rabi
2024,Vijaypur,14.55,473.0,38.5,Red soil,Borewell,13.93,33.4,Pomegranate,10134075.0,Whole year
2023,Siruguppa,15.4,856.1,37.8,Black soil,Well,1.37,54.7,Chilli,1265880.0,Kharif
2020,Sindhanur,1.68,589.0,28.8,Alluvial soil,Drip,1.38,51.6,Cotton,92736.0,Kharif
2010,Vijaypur,14.58,591.1,33.2,Sandy soil,Rainfed,1.0,31.6,Bajra,189540.0,Kharif
2014,Vijaypur,12.59,750.2,34.8,Red soil,Rainfed,1.27,40.6,Bengalgram,719518.5,Rabi
2020,Vijaypur,14.1,744.9,34.4,Red soil,Well,2.87,38.6,Maize,566538.0,Kharif
2017,Siruguppa,0.68,678.3,32.8,Red soil,Canal,1.06,38.8,Bajra,9370.4,Kharif
2014,Vijaypur,18.07,742.0,39.5,Sandy soil,Sprinkler,0.89,42.3,Sunflower,562880.5,Zaid
2013,Siruguppa,1.14,841.6,36.9,Black soil,Canal,1.2,49.9,Cotton,54720.0,Kharif
2016,Sindhanur,17.06,656.7,34.0,Alluvial soil,Borewell,84.71,51.3,Sugarcane,4335457.8,Whole year
2019,Sindhanur,5.03,799.7,30.4,Black soil,Borewell,1.15,45.2,Cotton,231380.0,Kharif
2016,Vijaypur,4.95,630.5,37.5,Sandy soil,Sprinkler,0.98,43.4,Sunflower,169785.0,Zaid
2016,Sindhanur,1.93,835.7,31.9,Red soil,Well,79.98,50.0,Sugarcane,463084.2,Whole year
2012,Sindhanur,9.17,694.8,28.3,Red soil,Canal,78.76,62.2,Sugarcane,2166687.6,Whole year
2011,Siruguppa,1.01,665.9,32.0,Black soil,Drip,1.18,46.4,Groundnut,35754.0,Rabi
2018,Gangavathi,18.07,665.0,30.6,Black soil,Sprinkler,90.07,44.3,Sugarcane,4882694.7,Whole year
2016,Sindhanur,1.73,624.0,31.0,Red soil,Borewell,87.84,52.9,Sugarcane,455889.6,Whole year
2017,Gangavathi,10.17,684.3,38.9,Sandy loam,Well,83.91,63.5,Sugarcane,2560094.1,Whole year
2015,Siruguppa,7.91,492.0,31.7,Black soil,Rainfed,1.1,60.8,Sunflower,304535.0,Rabi
2014,Vijaypur,6.63,498.4,41.5,Red soil,Rainfed,3.44,36.6,Wheat,364915.2,Rabi
2019,Vijaypur,2.72,521.9,38.4,Sandy soil,Borewell,2.86,43.1,Wheat,124467.2,Rabi
2023,Sindhanur,6.18,723.2,36.2,Alluvial soil,Canal,1.25,59.6,Cotton,309000.0,Kharif
2017,Vijaypur,14.45,630.4,31.2,Red soil,Well,22.42,50.1,Grapes,12958760.0,Whole year
2011,Vijaypur,17.96,569.8,38.1,Sandy soil,Well,15.64,35.8,Pomegranate,14044720.0,Whole year
2022,Sindhanur,13.71,821.7,27.2,Red soil,Borewell,18.5,74.2,Vegetables,3804525.0,Zaid
2017,Vijaypur,11.38,405.2,31.0,Sandy soil,Borewell,0.88,55.5,Bajra,130187.2,Kharif
2011,Gangavathi,7.23,811.1,34.4,Black soil,Drip,89.43,54.9,Sugarcane,1939736.7,Whole year
2018,Gangavathi,6.58,608.3,38.7,Red soil,Well,79.03,39.5,Sugarcane,1560052.2,Whole year
2010,Vijaypur,1.81,461.8,36.9,Black soil,Well,19.86,44.8,Vegetables,539199.0,Zaid
2016,Gangavathi,11.26,880.7,35.2,Red soil,Sprinkler,1.05,53.5,Bajra,153699.0,Kharif
2017,Vijaypur,8.21,643.9,30.8,Sandy soil,Borewell,0.8,48.6,Safflower,197040.0,Rabi
2022,Vijaypur,16.27,589.7,31.5,Black soil,Well,21.08,47.4,Grapes,13718864.0,Whole year
2019,Sindhanur,10.04,606.4,27.6,Alluvial soil,Borewell,2.92,63.6,Corn,410435.2,Zaid
2024,Vijaypur,16.37,528.7,39.0,Sandy soil,Rainfed,19.35,50.0,Grapes,12670380.0,Whole year
2016,Siruguppa,14.02,521.5,30.4,Sandy loam,Rainfed,1.01,39.0,Sunflower,495607.0,Rabi
2017,Sindhanur,13.08,615.7,36.3,Black soil,Well,71.28,63.4,Sugarcane,2797027.2,Whole year
2012,Gangavathi,7.5,653.1,31.6,Black soil,Drip,2.93,47.8,Wheat,351600.0,Rabi
2019,Sindhanur,9.16,722.3,34.1,Black soil,Canal,82.14,62.0,Sugarcane,2257207.2,Whole year
2018,Siruguppa,15.72,509.2,28.6,Sandy loam,Rainfed,0.97,43.5,Sunflower,533694.0,Rabi
2018,Siruguppa,16.54,811.1,36.4,Red soil,Rainfed,1.27,45.8,Jowar,294081.2,Kharif
2014,Sindhanur,17.56,804.4,36.1,Black soil,Drip,80.44,48.5,Sugarcane,4237579.2,Whole year
2021,Gangavathi,4.59,794.9,29.0,Sandy loam,Sprinkler,1.3,63.9,Cotton,238680.0,Kharif
2018,Gangavathi,16.21,744.9,36.6,Sandy loam,Borewell,86.21,61.2,Sugarcane,4192392.3,Whole year
2012,Gangavathi,19.07,930.9,29.7,Sandy loam,Canal,0.54,57.8,Horsegram,360423.0,Rabi
2023,Vijaypur,5.37,713.4,29.8,Sandy soil,Rainfed,2.97,57.1,Maize,223284.6,Kharif
2016,Sindhanur,7.82,605.7,35.4,Black soil,Canal,93.46,62.0,Sugarcane,2192571.6,Whole year
2021,Gangavathi,15.6,906.3,30.7,Sandy loam,Canal,3.23,36.6,Corn,705432.0,Zaid
2015,Vijaypur,16.58,655.6,33.4,Red soil,Rainfed,1.06,56.8,Sunflower,615118.0,Zaid
2011,Gangavathi,13.81,754.7,32.5,Black soil,Canal,17.92,51.6,Vegetables,3712128.0,Zaid
2021,Vijaypur,19.84,734.4,29.9,Red soil,Borewell,1.16,46.6,Bajra,299187.2,Kharif
2020,Sindhanur,7.53,875.2,38.8,Black soil,Borewell,19.5,44.9,Vegetables,2202525.0,Zaid
2010,Sindhanur,8.87,827.8,36.3,Black soil,Canal,2.94,63.0,Maize,365089.2,Kharif
2023,Sindhanur,0.68,603.4,29.2,Alluvial soil,Borewell,79.03,56.1,Sugarcane,161221.2,Whole year
2015,Siruguppa,16.22,674.1,28.1,Red soil,Borewell,88.93,31.2,Sugarcane,4327333.8,Whole year
2018,Gangavathi,19.86,794.2,36.9,Black soil,Canal,0.94,47.0,Sunflower,653394.0,Rabi
2023,Siruguppa,18.44,685.5,29.2,Sandy loam,Rainfed,1.13,56.5,Groundnut,625116.0,Rabi
2022,Sindhanur,7.35,651.8,27.6,Red soil,Borewell,2.64,57.0,Paddy,291060.0,Kharif
2023,Sindhanur,14.56,856.6,31.2,Red soil,Canal,1.4,59.7,Bengalgram,917280.0,Rabi
2016,Gangavathi,18.01,828.8,30.4,Black soil,Drip,3.12,42.5,Wheat,899059.2,Rabi
2012,Siruguppa,0.74,754.0,26.3,Black soil,Borewell,1.21,60.8,Groundnut,26862.0,Rabi
2019,Vijaypur,19.75,589.3,29.6,Black soil,Well,13.22,40.8,Pomegranate,13054750.0,Whole year
2022,Siruguppa,8.26,614.1,37.7,Black soil,Drip,1.22,58.7,Jowar,141080.8,Kharif
2018,Vijaypur,5.91,447.7,34.3,Red soil,Well,13.96,47.8,Pomegranate,4125180.0,Whole year
2014,Sindhanur,13.17,661.3,34.7,Alluvial soil,Canal,1.06,58.9,Sunflower,488607.0,Rabi
2020,Vijaypur,12.44,492.0,38.9,Black soil,Rainfed,1.34,34.8,Bengalgram,750132.0,Rabi
2012,Sindhanur,19.08,844.2,36.3,Alluvial soil,Borewell,3.2,49.0,Paddy,915840.0,Kharif
2018,Gangavathi,7.03,797.9,27.6,Red soil,Borewell,0.61,68.6,Horsegram,150090.5,Rabi
2023,Siruguppa,10.46,890.8,33.0,Red soil,Rainfed,18.06,47.9,Vegetables,2833614.0,Zaid
2010,Sindhanur,14.59,687.0,27.5,Black soil,Canal,16.23,55.1,Vegetables,3551935.5,Zaid
2022,Siruguppa,18.66,706.6,30.4,Red soil,Drip,0.93,43.2,Jowar,242953.2,Rabi
2011,Vijaypur,16.61,492.5,39.3,Sandy soil,Rainfed,2.86,46.0,Wheat,760073.6,Rabi
2022,Siruguppa,1.84,827.9,38.2,Black soil,Borewell,1.28,64.9,Bengalgram,105984.0,Rabi
2013,Gangavathi,11.49,741.0,26.1,Red soil,Sprinkler,17.77,45.6,Vegetables,3062659.5,Zaid
2010,Vijaypur,11.16,793.4,37.7,Black soil,Borewell,19.21,47.9,Vegetables,3215754.0,Zaid
2022,Vijaypur,0.69,641.1,35.7,Red soil,Well,1.19,55.7,Jowar,11495.4,Kharif
2011,Vijaypur,19.24,460.7,41.2,Black soil,Rainfed,1.07,47.5,Sunflower,720538.0,Zaid
2018,Siruguppa,15.08,661.2,36.3,Sandy loam,Canal,24.34,45.7,Onion,7340944.0,Rabi
2023,Sindhanur,3.05,762.3,27.8,Red soil,Borewell,76.36,57.6,Sugarcane,698694.0,Whole year
2012,Gangavathi,4.45,630.2,29.8,Sandy loam,Canal,81.31,44.7,Sugarcane,1085488.5,Whole year
2014,Siruguppa,19.31,693.9,31.7,Red soil,Rainfed,1.0,47.4,Groundnut,579300.0,Rabi
2013,Vijaypur,14.24,440.0,38.0,Sandy soil,Well,1.07,39.0,Sunflower,533288.0,Zaid
2023,Gangavathi,1.45,800.4,39.0,Red soil,Borewell,1.46,49.1,Bengalgram,95265.0,Rabi
2011,Sindhanur,2.35,863.6,34.1,Black soil,Well,3.04,53.8,Maize,100016.0,Kharif
2019,Siruguppa,8.31,837.1,29.4,Sandy loam,Canal,1.43,42.8,Chilli,712998.0,Kharif
2011,Gangavathi,16.28,892.7,29.4,Black soil,Borewell,3.05,59.8,Paddy,744810.0,Kharif
2020,Siruguppa,8.2,575.1,33.0,Red soil,Rainfed,92.99,58.7,Sugarcane,2287554.0,Whole year
2020,Vijaypur,17.73,472.1,30.9,Black soil,Borewell,3.03,41.3,Wheat,859550.4,Rabi
2020,Gangavathi,7.97,832.3,30.9,Red soil,Well,75.6,44.2,Sugarcane,1807596.0,Whole year
2016,Sindhanur,9.95,819.7,31.9,Alluvial soil,Borewell,2.77,63.8,Maize,385861.0,Kharif
2018,Gangavathi,15.68,678.4,28.9,Black soil,Drip,1.4,66.6,Bengalgram,987840.0,Rabi
2022,Gangavathi,16.42,579.2,34.7,Sandy loam,Canal,3.19,49.0,Wheat,838076.8,Rabi
2024,Sindhanur,5.11,943.9,39.8,Red soil,Borewell,76.26,42.9,Sugarcane,1169065.8,Whole year
2014,Siruguppa,19.77,707.5,32.8,Black soil,Drip,18.68,40.6,Vegetables,5539554.0,Zaid
2024,Sindhanur,10.77,595.6,30.0,Black soil,Borewell,86.08,49.0,Sugarcane,2781244.8,Whole year
2019,Sindhanur,6.81,847.9,39.0,Black soil,Well,1.44,61.4,Bengalgram,441288.0,Rabi
2015,Sindhanur,18.87,888.2,39.1,Red soil,Canal,1.09,50.6,Cotton,822732.0,Kharif
2012,Gangavathi,12.97,902.1,35.5,Red soil,Borewell,18.07,54.6,Vegetables,3515518.5,Zaid
2016,Gangavathi,3.97,642.9,34.9,Black soil,Sprinkler,3.01,48.4,Wheat,191195.2,Rabi
2012,Siruguppa,12.97,639.3,36.8,Red soil,Rainfed,22.88,57.0,Onion,5935072.0,Rabi
2017,Gangavathi,19.28,701.2,30.3,Sandy loam,Borewell,1.08,58.1,Jowar,291513.6,Kharif
2016,Siruguppa,2.61,593.8,26.5,Red soil,Canal,0.84,43.2,Sunflower,76734.0,Zaid
2022,Vijaypur,11.15,709.7,34.7,Black soil,Sprinkler,20.22,44.9,Grapes,9018120.0,Whole year
2015,Sindhanur,6.71,549.8,36.2,Black soil,Canal,1.39,51.7,Bengalgram,419710.5,Rabi
2021,Sindhanur,2.32,838.3,33.3,Alluvial soil,Drip,72.35,61.5,Sugarcane,503556.0,Whole year
2021,Siruguppa,6.96,758.1,30.8,Red soil,Rainfed,83.03,28.8,Sugarcane,1733666.4,Whole year
2015,Gangavathi,16.88,641.0,25.6,Black soil,Canal,2.89,57.7,Corn,682964.8,Zaid
2012,Siruguppa,4.39,629.4,34.0,Red soil,Well,79.91,50.1,Sugarcane,1052414.7,Whole year
2011,Gangavathi,10.04,842.1,30.0,Sandy loam,Borewell,1.32,49.1,Cotton,530112.0,Kharif
2013,Vijaypur,5.63,692.2,32.7,Red soil,Rainfed,2.91,48.5,Wheat,262132.8,Rabi
2022,Gangavathi,7.2,781.0,35.7,Sandy loam,Drip,0.86,41.9,Bajra,80496.0,Kharif
2017,Sindhanur,17.4,898.2,32.0,Red soil,Well,2.86,61.5,Maize,696696.0,Kharif
2012,Gangavathi,18.06,856.2,36.8,Sandy loam,Sprinkler,1.07,53.2,Sunflower,676347.0,Kharif
2011,Siruguppa,4.26,885.6,28.9,Red soil,Rainfed,84.16,46.0,Sugarcane,1075564.8,Whole year
2016,Vijaypur,18.33,676.9,31.7,Black soil,Well,1.1,55.3,Jowar,282282.0,Rabi
2011,Vijaypur,14.16,584.6,39.7,Sandy soil,Sprinkler,20.54,30.9,Vegetables,4362696.0,Zaid
2022,Vijaypur,2.45,578.9,36.4,Black soil,Well,0.97,57.0,Jowar,33271.0,Rabi
2016,Gangavathi,9.72,653.2,35.3,Black soil,Borewell,2.78,59.3,Corn,378302.4,Zaid
2024,Sindhanur,1.46,693.2,37.4,Red soil,Borewell,85.58,65.2,Sugarcane,374840.4,Whole year
2023,Gangavathi,10.09,831.1,30.9,Sandy loam,Canal,1.27,50.1,Groundnut,384429.0,Kharif
2013,Sindhanur,5.75,983.0,32.3,Red soil,Canal,1.35,67.6,Bengalgram,349312.5,Rabi
2011,Vijaypur,16.51,664.7,38.9,Sandy soil,Borewell,0.81,57.5,Safflower,401193.0,Rabi
2013,Gangavathi,3.89,844.6,32.6,Black soil,Canal,83.01,54.5,Sugarcane,968726.7,Whole year
2020,Siruguppa,16.56,827.9,35.9,Sandy loam,Rainfed,74.15,39.9,Sugarcane,3683772.0,Whole year
2015,Siruguppa,17.47,643.5,33.3,Sandy loam,Drip,2.95,42.8,Maize,721511.0,Kharif
2022,Gangavathi,8.04,800.5,34.8,Black soil,Sprinkler,0.69,49.4,Horsegram,194166.0,Rabi
2017,Sindhanur,10.51,672.2,30.0,Alluvial soil,Canal,0.98,61.8,Sunflower,360493.0,Rabi
2016,Sindhanur,18.89,893.8,30.0,Alluvial soil,Borewell,1.07,54.4,Sunflower,707430.5,Rabi
2010,Vijaypur,16.57,475.2,33.7,Red soil,Well,18.5,52.1,Vegetables,4598175.0,Zaid
2014,Gangavathi,5.89,790.0,32.5,Red soil,Borewell,3.26,55.2,Corn,268819.6,Zaid
2020,Gangavathi,17.22,783.1,29.5,Sandy loam,Drip,3.05,36.4,Wheat,840336.0,Rabi
2019,Gangavathi,8.66,787.0,39.9,Red soil,Canal,1.48,49.8,Bengalgram,576756.0,Rabi
2023,Sindhanur,18.84,800.0,35.2,Red soil,Borewell,17.83,51.7,Vegetables,5038758.0,Zaid
2020,Sindhanur,16.26,600.8,29.8,Black soil,Borewell,1.24,48.9,Bengalgram,907308.0,Rabi
2019,Siruguppa,17.79,598.2,37.3,Black soil,Borewell,0.88,45.8,Sunflower,547932.0,Rabi
2024,Gangavathi,18.91,715.0,36.7,Black soil,Drip,79.25,59.5,Sugarcane,4495852.5,Whole year
2015,Sindhanur,17.16,711.1,30.3,Black soil,Well,1.19,40.3,Cotton,816816.0,Kharif
2015,Vijaypur,10.01,503.3,38.5,Sandy soil,Borewell,21.01,52.2,Grapes,8412404.0,Whole year
2012,Siruguppa,15.41,628.1,34.1,Black soil,Canal,1.02,34.8,Bajra,204336.6,Kharif
2010,Vijaypur,10.91,575.4,33.8,Sandy soil,Rainfed,13.4,37.8,Pomegranate,7309700.0,Whole year
2012,Gangavathi,14.02,790.6,35.2,Red soil,Borewell,1.34,53.5,Bengalgram,845406.0,Rabi
2019,Siruguppa,6.17,591.0,36.6,Sandy loam,Drip,91.54,45.7,Sugarcane,1694405.4,Whole year
2013,Gangavathi,4.17,658.9,37.1,Red soil,Canal,84.36,50.8,Sugarcane,1055343.6,Whole year
2016,Sindhanur,7.65,834.6,35.2,Alluvial soil,Canal,2.96,47.9,Paddy,339660.0,Rabi
2016,Gangavathi,13.95,811.2,33.7,Red soil,Drip,3.32,40.0,Paddy,694710.0,Kharif
2020,Siruguppa,0.68,743.4,28.4,Black soil,Canal,1.03,55.2,Groundnut,21012.0,Zaid
2017,Gangavathi,2.8,853.3,26.6,Black soil,Canal,1.15,67.1,Sunflower,112700.0,Rabi
2018,Sindhanur,8.49,894.2,39.5,Black soil,Canal,1.42,47.9,Bengalgram,542511.0,Rabi
2012,Vijaypur,18.18,537.5,29.4,Sandy soil,Sprinkler,0.76,54.8,Safflower,414504.0,Rabi
2017,Siruguppa,9.41,767.0,37.0,Black soil,Borewell,1.15,49.0,Cotton,432860.0,Kharif
2021,Siruguppa,16.13,566.9,26.1,Black soil,Rainfed,1.53,38.9,Chilli,1480734.0,Kharif
2015,Siruguppa,13.44,792.6,25.7,Red soil,Borewell,1.55,51.9,Chilli,1249920.0,Kharif
2023,Vijaypur,8.3,565.9,33.6,Red soil,Rainfed,0.9,32.0,Sunflower,261450.0,Zaid
2011,Vijaypur,14.08,636.5,37.7,Black soil,Borewell,14.37,34.3,Pomegranate,10116480.0,Whole year
2017,Vijaypur,1.06,488.0,32.9,Sandy soil,Borewell,15.8,40.1,Pomegranate,837400.0,Whole year
2020,Vijaypur,0.74,537.7,28.7,Sandy soil,Borewell,0.71,50.8,Greengram,28897.0,Kharif
2023,Gangavathi,13.69,765.5,30.3,Red soil,Well,1.09,49.6,Sunflower,522273.5,Kharif
2022,Siruguppa,10.17,858.8,30.4,Red soil,Canal,1.2,51.7,Cotton,488160.0,Kharif
2023,Vijaypur,11.23,510.2,31.7,Red soil,Sprinkler,0.97,46.8,Sunflower,381258.5,Zaid
2017,Sindhanur,10.22,717.1,35.0,Red soil,Canal,2.67,38.9,Maize,382023.6,Kharif
2020,Siruguppa,2.27,637.8,33.0,Sandy loam,Drip,1.03,34.9,Bajra,30395.3,Kharif
2018,Gangavathi,4.85,905.9,30.2,Red soil,Borewell,0.84,39.2,Sunflower,142590.0,Rabi
2018,Vijaypur,7.16,462.9,37.2,Sandy soil,Rainfed,18.25,36.8,Vegetables,1960050.0,Zaid
2014,Gangavathi,14.98,877.8,32.5,Red soil,Canal,3.4,63.6,Paddy,763980.0,Kharif
2011,Sindhanur,15.74,923.8,31.4,Alluvial soil,Borewell,2.83,44.9,Paddy,668163.0,Rabi
2017,Vijaypur,9.28,711.2,34.0,Sandy soil,Borewell,1.24,50.1,Groundnut,345216.0,Kharif
2012,Siruguppa,10.41,915.3,36.1,Red soil,Drip,1.36,47.3,Groundnut,424728.0,Kharif
2014,Sindhanur,17.69,840.5,34.4,Red soil,Well,2.96,47.3,Maize,733073.6,Kharif
2023,Vijaypur,14.15,539.4,29.8,Sandy soil,Rainfed,17.39,47.3,Vegetables,3691027.5,Zaid
2018,Gangavathi,18.46,618.4,35.1,Black soil,Well,3.07,55.9,Wheat,906755.2,Rabi
2014,Gangavathi,14.35,745.2,33.5,Sandy loam,Sprinkler,1.39,77.9,Groundnut,598395.0,Kharif
2014,Vijaypur,1.6,422.2,32.7,Red soil,Borewell,0.93,35.0,Redgram,81840.0,Kharif
2019,Gangavathi,1.13,762.9,30.5,Red soil,Canal,1.41,60.6,Bengalgram,71698.5,Rabi
2016,Sindhanur,14.01,776.0,37.0,Black soil,Drip,90.49,64.7,Sugarcane,3803294.7,Whole year
2024,Vijaypur,15.73,421.6,31.6,Red soil,Borewell,0.91,46.1,Sunflower,501000.5,Zaid
2011,Gangavathi,4.15,673.6,28.1,Black soil,Sprinkler,2.86,59.3,Wheat,189904.0,Rabi
2017,Vijaypur,17.0,506.2,32.9,Black soil,Rainfed,0.7,31.6,Greengram,654500.0,Kharif
2017,Sindhanur,12.69,949.7,34.7,Alluvial soil,Borewell,3.21,64.6,Paddy,611023.5,Kharif
2018,Gangavathi,15.83,742.5,38.3,Black soil,Drip,1.19,58.6,Groundnut,565131.0,Kharif
2018,Vijaypur,7.54,529.2,31.2,Black soil,Sprinkler,3.03,40.9,Maize,319846.8,Kharif
2020,Siruguppa,18.41,631.3,29.1,Red soil,Canal,1.22,53.4,Cotton,898408.0,Kharif
2022,Gangavathi,18.27,711.4,32.3,Red soil,Sprinkler,80.94,51.9,Sugarcane,4436321.4,Whole year
2022,Vijaypur,2.11,501.4,35.0,Black soil,Borewell,21.84,37.8,Grapes,1843296.0,Whole year
2018,Siruguppa,8.77,767.7,34.6,Red soil,Well,3.27,59.4,Maize,401490.6,Kharif
2012,Vijaypur,1.24,651.0,28.1,Black soil,Well,1.28,50.4,Groundnut,47616.0,Kharif
2016,Gangavathi,8.39,850.4,32.4,Red soil,Canal,1.06,52.6,Jowar,124507.6,Kharif
2024,Siruguppa,1.39,818.5,27.5,Red soil,Borewell,1.32,56.1,Cotton,73392.0,Kharif
2017,Siruguppa,9.03,620.1,26.4,Black soil,Canal,18.51,58.9,Vegetables,2507179.5,Zaid
2014,Sindhanur,6.25,872.5,37.0,Alluvial soil,Well,2.75,66.1,Paddy,257812.5,Rabi
2013,Gangavathi,10.97,588.0,26.5,Black soil,Borewell,1.03,56.5,Bajra,146888.3,Kharif
2013,Gangavathi,4.09,840.1,37.2,Sandy loam,Borewell,1.09,50.1,Sunflower,156033.5,Rabi
2011,Siruguppa,19.89,827.3,36.6,Black soil,Drip,23.25,63.5,Onion,9248850.0,Rabi
2011,Gangavathi,6.95,594.2,35.9,Black soil,Well,0.94,57.9,Tur,326650.0,Kharif
2019,Gangavathi,6.46,656.4,32.3,Sandy loam,Well,1.14,64.2,Jowar,103101.6,Kharif
2014,Gangavathi,14.39,589.5,30.8,Sandy loam,Drip,2.97,63.2,Corn,598336.2,Zaid
2012,Gangavathi,6.46,874.2,31.6,Sandy loam,Canal,0.38,50.5,Horsegram,85918.0,Rabi
2024,Siruguppa,12.72,860.3,28.9,Sandy loam,Canal,0.93,55.7,Sunflower,414036.0,Zaid
2018,Siruguppa,18.17,727.6,31.4,Sandy loam,Borewell,1.55,54.5,Chilli,1689810.0,Kharif
2018,Vijaypur,17.21,559.1,39.2,Black soil,Sprinkler,2.8,50.1,Wheat,771008.0,Rabi
2022,Siruguppa,16.23,737.6,33.8,Sandy loam,Well,82.06,59.4,Sugarcane,3995501.4,Whole year
2015,Sindhanur,19.37,615.6,39.9,Alluvial soil,Drip,79.89,54.9,Sugarcane,4642407.9,Whole year
2016,Siruguppa,13.54,571.3,29.8,Sandy loam,Borewell,1.09,47.2,Groundnut,442758.0,Rabi
2023,Vijaypur,19.38,410.6,36.5,Sandy soil,Rainfed,19.85,36.6,Grapes,15387720.0,Whole year
2016,Gangavathi,16.79,783.6,31.4,Sandy loam,Borewell,0.91,61.1,Sunflower,534761.5,Rabi
2017,Sindhanur,17.8,896.9,29.6,Black soil,Well,81.06,65.8,Sugarcane,4328604.0,Whole year
2020,Sindhanur,3.57,719.2,31.0,Alluvial soil,Canal,2.86,48.6,Paddy,153153.0,Rabi
2010,Sindhanur,4.61,857.2,34.4,Black soil,Drip,79.23,58.3,Sugarcane,1095750.9,Whole year
2010,Sindhanur,1.26,794.2,29.1,Alluvial soil,Well,3.57,54.1,Paddy,67473.0,Kharif
2011,Sindhanur,12.93,739.8,33.8,Alluvial soil,Borewell,17.69,68.5,Vegetables,3430975.5,Zaid
2019,Sindhanur,12.22,908.0,29.2,Alluvial soil,Well,80.69,70.0,Sugarcane,2958095.4,Whole year
2010,Gangavathi,7.88,876.7,33.2,Black soil,Canal,0.54,38.1,Horsegram,148932.0,Rabi
2011,Sindhanur,12.2,791.5,29.0,Alluvial soil,Canal,76.57,65.0,Sugarcane,2802462.0,Whole year
2015,Vijaypur,13.73,587.1,27.0,Red soil,Sprinkler,22.54,60.4,Onion,6189484.0,Rabi
2011,Siruguppa,7.34,846.2,31.6,Sandy loam,Drip,80.46,55.8,Sugarcane,1771729.2,Whole year
2014,Vijaypur,6.02,593.8,29.7,Sandy soil,Sprinkler,3.07,56.1,Wheat,295702.4,Rabi
2021,Sindhanur,10.64,860.9,27.2,Red soil,Well,1.18,53.4,Cotton,502208.0,Kharif
2019,Gangavathi,5.6,571.4,32.3,Sandy loam,Drip,78.21,57.6,Sugarcane,1313928.0,Whole year
2018,Gangavathi,9.91,813.0,30.9,Red soil,Sprinkler,3.4,59.0,Corn,471716.0,Zaid
2021,Vijaypur,3.19,570.5,38.3,Sandy soil,Well,15.73,43.5,Vegetables,752680.5,Zaid
2012,Sindhanur,16.12,608.0,33.3,Alluvial soil,Canal,71.15,64.0,Sugarcane,3440814.0,Whole year
2013,Vijaypur,8.99,449.8,29.7,Black soil,Rainfed,1.16,55.1,Sunflower,364994.0,Kharif
2010,Gangavathi,13.3,789.2,38.0,Red soil,Sprinkler,2.8,49.1,Paddy,558600.0,Kharif
2022,Sindhanur,10.6,555.8,37.9,Black soil,Canal,79.26,66.0,Sugarcane,2520468.0,Whole year
2015,Sindhanur,3.57,573.3,29.3,Red soil,Drip,1.02,44.2,Sunflower,127449.0,Rabi
2015,Vijaypur,2.26,581.6,38.1,Red soil,Rainfed,19.86,32.8,Grapes,1795344.0,Whole year
2018,Gangavathi,3.91,714.9,30.8,Sandy loam,Canal,3.2,41.2,Wheat,200192.0,Rabi
2021,Siruguppa,17.58,881.0,35.6,Sandy loam,Borewell,0.99,63.1,Groundnut,522126.0,Zaid
2017,Vijaypur,9.45,631.9,37.5,Red soil,Well,14.87,59.1,Pomegranate,7026075.0,Whole year
2015,Siruguppa,14.17,632.5,36.3,Black soil,Rainfed,0.92,39.0,Sunflower,456274.0,Zaid
2017,Siruguppa,7.17,623.5,30.3,Sandy loam,Well,1.0,62.8,Sunflower,250950.0,Zaid
2021,Gangavathi,13.82,881.4,30.2,Black soil,Drip,16.5,66.4,Vegetables,3420450.0,Zaid
2012,Sindhanur,16.78,641.8,30.7,Alluvial soil,Borewell,1.14,47.7,Sunflower,669522.0,Rabi
2023,Siruguppa,15.4,786.5,34.5,Sandy loam,Canal,3.07,48.2,Paddy,709170.0,Kharif
2022,Vijaypur,17.44,539.1,41.5,Red soil,Borewell,19.64,60.3,Vegetables,5137824.0,Zaid
2018,Gangavathi,8.75,804.3,26.9,Sandy loam,Canal,73.89,55.1,Sugarcane,1939612.5,Whole year
2020,Gangavathi,6.66,725.6,28.5,Black soil,Canal,78.28,59.7,Sugarcane,1564034.4,Whole year
2017,Sindhanur,11.2,676.0,33.8,Black soil,Borewell,76.85,45.4,Sugarcane,2582160.0,Whole year
2017,Gangavathi,7.76,756.9,27.9,Red soil,Borewell,19.22,59.2,Vegetables,2237208.0,Zaid
2023,Sindhanur,16.18,830.0,37.0,Alluvial soil,Drip,1.0,62.9,Sunflower,566300.0,Rabi
2012,Vijaypur,0.69,679.7,38.0,Red soil,Sprinkler,1.05,44.2,Jowar,10143.0,Rabi
2013,Gangavathi,2.43,635.6,37.1,Black soil,Canal,77.56,40.3,Sugarcane,565412.4,Whole year
2010,Gangavathi,11.43,739.4,30.7,Red soil,Borewell,78.55,49.9,Sugarcane,2693479.5,Whole year
2022,Vijaypur,11.73,696.9,41.3,Sandy soil,Borewell,2.94,37.1,Maize,482806.8,Kharif
2014,Gangavathi,17.85,794.6,31.2,Red soil,Sprinkler,2.98,58.7,Corn,744702.0,Zaid
2011,Vijaypur,12.44,627.1,41.3,Red soil,Well,0.98,49.3,Jowar,170676.8,Rabi
2024,Sindhanur,12.31,685.4,34.2,Red soil,Borewell,18.8,59.7,Vegetables,3471420.0,Zaid
2021,Vijaypur,14.69,532.5,30.3,Sandy soil,Rainfed,17.01,29.3,Vegetables,3748153.5,Zaid
2022,Siruguppa,9.73,673.8,26.4,Red soil,Canal,1.2,63.8,Bengalgram,525420.0,Rabi
2013,Vijaypur,17.77,473.5,28.2,Red soil,Borewell,1.21,48.8,Bajra,279522.1,Kharif
2017,Gangavathi,13.44,635.1,36.0,Red soil,Drip,86.17,42.3,Sugarcane,3474374.4,Whole year
2016,Gangavathi,12.15,887.2,36.9,Sandy loam,Sprinkler,77.39,40.8,Sugarcane,2820865.5,Whole year
2014,Gangavathi,7.63,748.2,37.2,Red soil,Well,3.05,53.5,Corn,325801.0,Zaid
2022,Siruguppa,9.65,818.3,36.4,Red soil,Rainfed,1.33,44.3,Groundnut,385035.0,Kharif
2013,Vijaypur,16.04,660.7,38.6,Sandy soil,Rainfed,0.96,47.8,Sunflower,538944.0,Zaid
2011,Vijaypur,16.65,486.4,36.1,Black soil,Rainfed,16.18,53.2,Pomegranate,13469850.0,Whole year
2016,Vijaypur,13.85,654.5,39.4,Red soil,Rainfed,23.41,58.4,Onion,6484570.0,Rabi
2013,Sindhanur,9.33,667.4,29.2,Alluvial soil,Drip,2.72,54.3,Paddy,380664.0,Kharif
2021,Gangavathi,2.49,573.1,33.3,Red soil,Well,0.99,47.5,Bajra,32046.3,Kharif
2017,Vijaypur,8.69,433.4,28.1,Red soil,Rainfed,1.26,36.1,Jowar,153291.6,Kharif
2017,Siruguppa,15.63,860.1,37.8,Red soil,Drip,0.88,27.9,Sunflower,481404.0,Zaid
2022,Sindhanur,15.48,880.8,37.8,Black soil,Drip,1.37,42.5,Bengalgram,954342.0,Rabi
2016,Vijaypur,13.49,488.7,37.0,Black soil,Sprinkler,1.51,34.0,Bengalgram,916645.5,Rabi
2020,Gangavathi,10.66,742.6,26.1,Red soil,Drip,16.78,70.7,Vegetables,2683122.0,Zaid
2015,Gangavathi,2.7,870.9,37.7,Sandy loam,Drip,0.7,48.1,Horsegram,66150.0,Rabi
2021,Siruguppa,19.39,742.5,31.3,Sandy loam,Rainfed,0.94,44.6,Sunflower,637931.0,Rabi
2010,Sindhanur,7.1,663.7,33.7,Alluvial soil,Canal,19.5,63.8,Vegetables,2076750.0,Zaid
2021,Gangavathi,15.88,576.4,28.9,Red soil,Drip,1.4,67.2,Bengalgram,1000440.0,Rabi
